BMU,Udist,Ret_x,Ret_y,Cub_x,Cub_y,Cub_z,B_Small,B_Medium,B_Big,B_2 legs,B_4 legs,B_Hair,B_Hooves,B_Mane,B_Feather,B_Hunt,B_Run,B_Fly,"B_Swin"
1,0.33237413,0,0,0,0,0,0.997445,5.5e-05,0.0025,2.8e-05,0.999972,1.0,0.0,5.5e-05,0.0,1.0,0.002555,0.0,0.0
2,0.5676654,1,0,1,-1,0,0.492481,0.000166,0.507353,0.0,1.0,1.0,1e-06,0.015038,0.0,0.999998,0.507519,0.0,0.0
3,0.31305227,2,0,2,-2,0,0.002286,2.6e-05,0.997689,0.0,1.0,1.0,0.0,0.075708,0.0,1.0,0.997715,0.0,0.0
4,0.19585854,3,0,3,-3,0,6e-06,6e-06,0.999988,6e-06,0.999994,1.0,0.0,0.017992,0.0,1.0,0.999994,0.0,0.0
5,0.20003626,4,0,4,-4,0,0.0,0.0,1.0,0.000543,0.999457,1.0,0.0,0.017976,0.0,1.0,1.0,0.0,0.0
6,0.46746412,5,0,5,-5,0,0.0,0.0,1.0,0.070508,0.929492,1.0,2.4e-05,0.070508,0.0,0.999976,0.999976,0.0,0.0
7,0.24645981,6,0,6,-6,0,0.0,0.0,1.0,0.919927,0.080073,1.0,0.002281,0.002281,0.0,0.99772,0.99772,0.0,0.0
8,0.018192427,7,0,7,-7,0,6e-06,0.0,0.999994,0.998889,0.001111,0.999994,0.000553,6e-06,6e-06,0.999441,0.999441,6e-06,0.0
9,0.034541793,8,0,8,-8,0,0.000587,-8e-06,0.999443,0.999442,0.000558,0.999441,0.000553,0.0,0.000559,0.998889,0.998889,0.000553,6e-06
10,0.46733785,9,0,9,-9,0,0.081602,-0.001135,0.922395,0.99772,0.00228,0.922207,0.00228,0.0,0.077793,0.919927,0.919927,0.075512,0.00228
11,0.87864757,10,0,10,-10,0,0.970764,-0.012881,0.074612,0.997876,0.002124,0.072484,0.002125,0.0,0.927516,0.07036,0.07036,0.857156,0.07036
12,0.3365783,11,0,11,-11,0,1.048971,-0.014749,0.002985,0.999994,6e-06,0.000549,6e-06,0.0,0.999451,0.000555,0.000543,0.981475,0.017976
13,0.32431266,12,0,12,-12,0,1.049487,-0.014742,0.002441,1.0,0.0,6e-06,0.0,0.0,0.999994,0.001091,6e-06,0.982021,0.017967
14,0.35535195,13,0,13,-13,0,1.040405,-0.012034,0.001988,1.0,0.0,0.0,0.0,0.0,1.0,0.131469,0.0,0.93228,0.065735
15,0.38490003,14,0,14,-14,0,1.012518,-0.003728,0.000616,1.0,0.0,8.3e-05,0.0,0.0,0.999917,0.496296,8.3e-05,0.744319,0.007492
16,0.4205631,15,0,15,-15,0,1.000497,-0.000148,2.4e-05,1.0,0.0,0.009866,0.0,0.0,0.990134,0.663305,0.009866,0.663305,0.000109
17,0.59633183,16,0,16,-16,0,1.000004,0.0,0.0,1.0,0.0,0.249979,0.0,0.0,0.750021,0.749937,0.249979,0.500042,0.0
18,0.5106027,17,0,17,-17,0,1.0,0.0,0.0,1.0,0.0,0.919927,0.0,0.0,0.080073,0.924487,0.919927,0.004561,0.0
19,0.049838684,18,0,18,-18,0,0.999994,6e-06,0.0,0.999988,1.2e-05,0.999435,0.0,0.0,0.000565,0.999441,0.999429,1.2e-05,0.0
20,0.005148964,19,0,19,-19,0,0.999992,7e-06,0.0,0.999657,0.000343,0.999996,0.0,0.0,4e-06,0.999992,0.999657,0.0,0.0
21,0.1591597,20,0,20,-20,0,0.999988,1.2e-05,0.0,0.982002,0.017998,1.0,0.0,0.0,0.0,0.999994,0.982008,0.0,0.0
22,0.50112486,21,0,21,-21,0,0.999973,2.8e-05,0.0,0.499986,0.500014,1.0,0.0,0.0,0.0,0.999986,0.5,0.0,0.0
23,0.15828653,22,0,22,-22,0,0.999982,1.8e-05,0.0,0.017986,0.982014,1.0,0.0,6e-06,0.0,0.999994,0.017998,0.0,0.0
24,0.0095604425,23,0,23,-23,0,0.999976,1.8e-05,6e-06,0.000553,0.999447,1.0,0.0,6e-06,0.0,0.999994,0.000571,0.0,0.0
25,0.69360286,0,1,0,-1,1,0.916931,0.027692,0.055378,2e-06,0.999998,1.0,0.0,0.055378,0.0,0.999999,0.083069,0.0,0.0
26,0.50200254,1,1,1,-2,1,0.014656,0.014656,0.970688,0.0,1.0,1.0,0.0,0.5,0.0,1.0,0.985344,0.0,0.0
27,0.2379431,2,1,2,-3,1,1.4e-05,0.001238,0.998748,1.4e-05,0.999986,1.0,0.0,0.500605,0.0,1.0,0.999986,0.0,0.0
28,0.2528248,3,1,3,-4,1,0.0,1.4e-05,0.999986,0.001238,0.998762,1.0,0.0,0.499388,0.0,1.0,1.0,0.0,0.0
29,0.3650459,4,1,4,-5,1,0.0,0.0,1.0,0.039424,0.960576,1.0,0.0,0.480288,0.0,1.0,1.0,0.0,0.0
30,0.4530795,5,1,5,-6,1,0.0,0.0,1.0,0.858961,0.141039,1.0,2.4e-05,0.070508,0.0,0.999977,0.999976,0.0,0.0
31,0.049793392,6,1,6,-7,1,0.0,0.0,1.0,0.998889,0.001111,1.0,6e-06,0.000552,0.0,0.999994,0.999994,0.0,0.0
32,0.00080114324,7,1,7,-8,1,7e-06,0.0,0.999993,0.999989,1.1e-05,0.999993,4e-06,4e-06,7e-06,0.999989,0.999989,4e-06,4e-06
33,0.087037206,8,1,8,-9,1,0.001133,-8e-06,0.998896,0.999994,6e-06,0.998895,6e-06,0.0,0.001105,0.998889,0.998889,0.000553,0.000553
34,0.79319024,9,1,9,-10,1,0.144573,-0.00106,0.85916,0.999976,2.4e-05,0.858984,2.4e-05,0.0,0.141016,0.858961,0.858961,0.070508,0.070508
35,0.6099363,10,1,10,-11,1,0.984796,-0.007218,0.040629,0.999987,1.3e-05,0.039437,1.3e-05,0.0,0.960563,0.039424,0.039424,0.480282,0.480282
36,0.40965837,11,1,11,-12,1,1.023958,-0.007504,0.002477,1.0,0.0,0.001238,0.0,0.0,0.998762,0.001265,0.001238,0.499388,0.499361
37,0.4038668,12,1,12,-13,1,1.02512,-0.007486,0.001251,1.0,0.0,1.4e-05,0.0,0.0,0.999986,0.002483,1.4e-05,0.500611,0.498141
38,0.4284658,13,1,13,-14,1,1.016486,-0.00491,0.000811,1.0,0.0,0.0,0.0,0.0,0.999999,0.019735,1e-06,0.34649,0.326755
39,0.28918394,14,1,14,-15,1,1.000124,-3.7e-05,6e-06,1.0,0.0,2.7e-05,0.0,0.0,0.999973,0.004936,2.7e-05,0.007363,0.002455
40,0.23257715,15,1,15,-16,1,1.000001,0.0,0.0,1.0,0.0,0.00246,0.0,0.0,0.99754,0.007381,0.00246,0.004948,2.7e-05
41,0.496751,16,1,16,-17,1,1.0,0.0,0.0,1.0,0.0,0.075512,0.0,0.0,0.924488,0.080073,0.075512,0.004561,0.0
42,0.40028644,17,1,17,-18,1,0.999975,2.6e-05,0.0,0.999974,2.6e-05,0.924097,0.0,0.0,0.075903,0.924122,0.924096,5.1e-05,0.0
43,0.05134821,18,1,18,-19,1,0.999448,0.000552,0.0,0.999442,0.000558,0.999448,0.0,0.0,0.000552,0.998895,0.999441,0.0,0.0
44,0.054616593,19,1,19,-20,1,0.999448,0.000552,0.0,0.998895,0.001105,0.999994,0.0,0.0,6e-06,0.999441,0.999441,0.0,0.0
45,0.38895243,20,1,20,-21,1,0.997714,0.002286,0.0,0.92203,0.07797,1.0,0.0,0.0,0.0,0.997715,0.924315,0.0,0.0
46,0.4653429,21,1,21,-22,1,0.997689,0.002311,0.0,0.075683,0.924317,1.0,0.0,2.6e-05,0.0,0.997715,0.077994,0.0,0.0
47,0.24598727,22,1,22,-23,1,0.995079,0.004921,0.0,0.00246,0.99754,1.0,0.0,0.002461,0.0,0.99754,0.007382,0.0,0.0
48,0.23765531,23,1,23,-24,1,0.997445,0.0025,5.5e-05,2.8e-05,0.999972,1.0,0.0,0.0025,0.0,0.999973,0.002582,0.0,0.0
49,0.64837784,0,2,-1,-1,2,0.492401,0.492565,0.015034,0.0,1.0,1.0,0.0,0.507269,0.0,0.999835,0.5076,0.0,0.0
50,0.55078375,1,2,0,-2,2,0.014656,0.485344,0.5,0.0,1.0,1.0,1e-06,0.970687,0.0,0.999998,0.985344,0.0,0.0
51,0.2807814,2,2,1,-3,2,2.4e-05,0.070508,0.929468,0.0,1.0,1.0,0.0,0.929469,0.0,1.0,0.999976,0.0,0.0
52,0.14255823,3,2,2,-4,2,0.0,0.000543,0.999457,6e-06,0.999994,1.0,0.0,0.982018,0.0,1.0,1.0,0.0,0.0
53,0.14926653,4,2,3,-5,2,0.0,6e-06,0.999994,0.000543,0.999457,1.0,0.0,0.981481,0.0,1.0,1.0,0.0,0.0
54,0.41448742,5,2,4,-6,2,0.0,0.0,1.0,0.07051,0.92949,1.0,0.0,0.858981,0.0,1.0,1.0,0.0,0.0
55,0.3694395,6,2,5,-7,2,0.0,0.0,1.0,0.92203,0.07797,1.0,0.0,0.075685,0.0,0.999999,1.0,0.0,0.0
56,0.03083094,7,2,6,-8,2,6e-06,0.0,0.999994,0.999441,0.000559,0.999994,0.0,0.000553,6e-06,0.999994,0.999994,0.0,6e-06
57,0.048883032,8,2,7,-9,2,0.000559,0.0,0.999441,0.999994,6e-06,0.999441,0.0,6e-06,0.000559,0.999441,0.999441,6e-06,0.000553
58,0.5971472,9,2,8,-10,2,0.078109,-3.4e-05,0.922012,1.0,0.0,0.922006,0.0,0.0,0.077994,0.922006,0.922006,0.002311,0.075708
59,0.6651502,10,2,9,-11,2,0.93305,-0.00106,0.070683,1.0,0.0,0.070508,0.0,0.0,0.929492,0.070508,0.070508,0.070532,0.858984
60,0.23667285,11,2,10,-12,2,1.000364,-0.00027,0.000587,1.0,0.0,0.000543,0.0,0.0,0.999457,0.000543,0.000543,0.017982,0.981475
61,0.2267008,12,2,11,-13,2,1.000901,-0.00027,5.1e-05,1.0,0.0,6e-06,0.0,0.0,0.999994,1.8e-05,6e-06,0.017994,0.981463
62,0.41331062,13,2,12,-14,2,1.003557,-0.00106,0.000175,1.0,0.0,0.0,0.0,0.0,1.0,4.7e-05,0.0,0.070576,0.858944
63,0.2982277,14,2,13,-15,2,1.000115,-3.4e-05,6e-06,1.0,0.0,0.0,0.0,0.0,1.0,5.1e-05,0.0,0.002362,0.075705
64,0.017602008,15,2,14,-16,2,1.0,0.0,0.0,1.0,0.0,6e-06,0.0,0.0,0.999994,1.8e-05,6e-06,1.9e-05,0.000553
65,0.033617273,16,2,15,-17,2,1.0,0.0,0.0,1.0,0.0,0.000553,0.0,0.0,0.999447,0.000565,0.000553,1.2e-05,6e-06
66,0.4002354,17,2,16,-18,2,0.999975,2.6e-05,0.0,0.999974,2.6e-05,0.075878,0.0,0.0,0.924122,0.075904,0.075878,5.1e-05,0.0
67,0.51289874,18,2,17,-19,2,0.997715,0.002286,0.0,0.997714,0.002286,0.924315,0.0,0.0,0.075685,0.92203,0.924315,0.0,0.0
68,0.37458864,19,2,18,-20,2,0.924317,0.075683,0.0,0.924292,0.075708,0.997715,0.0,0.0,0.002285,0.922032,0.997689,0.0,0.0
69,0.5632675,20,2,19,-21,2,0.924317,0.075683,0.0,0.922032,0.077968,0.999975,0.0,0.0,2.5e-05,0.924292,0.997689,0.0,0.0
70,0.65113974,21,2,20,-22,2,0.666592,0.333408,0.0,0.333296,0.666704,0.999999,0.0,0.000112,0.0,0.666704,0.666704,0.0,0.0
71,0.5822571,22,2,21,-23,2,0.5,0.5,0.0,0.014656,0.985344,1.0,0.0,0.014657,0.0,0.514656,0.514656,0.0,0.0
72,0.6442243,23,2,22,-24,2,0.492565,0.507269,0.000166,0.000165,0.999835,1.0,0.0,0.492565,0.0,0.985131,0.5076,0.0,0.0
73,0.3329247,0,3,-1,-2,3,0.002286,0.922008,0.075706,0.0,1.0,1.0,0.0,0.997664,0.0,0.999975,0.997715,0.0,0.0
74,0.30983695,1,3,0,-3,3,1.4e-05,0.49936,0.500626,0.0,1.0,1.0,2.7e-05,0.998748,0.0,0.999973,0.999986,0.0,0.0
75,0.18035772,2,3,1,-4,3,0.0,0.017976,0.982024,0.0,1.0,1.0,1.2e-05,0.999457,0.0,0.999988,1.0,0.0,0.0
76,0.010431463,3,3,2,-5,3,0.0,0.000335,0.999665,4e-06,0.999996,1.0,7e-06,0.999661,0.0,0.999992,1.0,0.0,0.0
77,0.038913228,4,3,3,-6,3,0.0,6e-06,0.999994,0.000552,0.999448,1.0,1.2e-05,0.998895,0.0,0.999987,1.0,0.0,0.0
78,0.45286277,5,3,4,-7,3,0.0,0.0,1.0,0.075681,0.924319,1.0,5.1e-05,0.922034,0.0,0.999949,1.0,0.0,0.0
79,0.29263288,6,3,5,-8,3,2.6e-05,0.0,0.999974,0.924073,0.075927,0.999975,5.1e-05,0.075901,2.5e-05,0.999924,0.999975,0.0,2.6e-05
80,0.052955527,7,3,6,-9,3,0.002467,0.0,0.997533,0.997533,0.002467,0.997533,0.0,0.002467,0.002467,0.997533,0.997533,0.0,0.002467
81,0.46534824,8,3,7,-10,3,0.075905,0.0,0.924097,0.999974,2.6e-05,0.924097,0.0,2.6e-05,0.075903,0.924097,0.924097,5.1e-05,0.075878
82,0.7273521,9,3,8,-11,3,0.924603,-3.4e-05,0.075518,1.0,0.0,0.075512,0.0,0.0,0.924488,0.075513,0.075512,0.00456,0.922207
83,0.06916761,10,3,9,-12,3,0.999476,-8e-06,0.000553,1.0,0.0,0.000552,0.0,0.0,0.999448,0.000552,0.000552,0.001104,0.99889
84,0.014204834,11,3,10,-13,3,1.000013,-5e-06,5e-06,1.0,0.0,4e-06,0.0,0.0,0.999996,4e-06,4e-06,0.00067,0.999326
85,0.12416998,12,3,11,-14,3,1.000027,-8e-06,1e-06,1.0,0.0,0.0,0.0,0.0,1.0,0.0,0.0,0.001085,0.981491
86,0.44044662,13,3,12,-15,3,1.000062,-1.9e-05,3e-06,1.0,0.0,0.0,0.0,0.0,1.0,0.0,0.0,0.002473,0.5
87,0.1100113,14,3,13,-16,3,0.999994,6e-06,0.0,1.0,0.0,0.0,0.0,0.0,1.0,6e-06,0.0,1.8e-05,0.017992
88,0.003139995,15,3,14,-17,3,0.999996,4e-06,0.0,1.0,0.0,4e-06,0.0,0.0,0.999996,7e-06,4e-06,4e-06,0.000335
89,0.034110907,16,3,15,-18,3,0.999988,1.2e-05,0.0,0.999994,6e-06,0.000559,0.0,0.0,0.999441,0.000559,0.000559,6e-06,6e-06
90,0.48706546,17,3,16,-19,3,0.997689,0.002311,0.0,0.997714,0.002286,0.077968,0.0,0.0,0.922032,0.075708,0.077968,2.5e-05,0.0
91,0.7197411,18,3,17,-20,3,0.666592,0.333408,0.0,0.666704,0.333296,0.666592,0.0,0.0,0.333408,0.333409,0.666591,0.000112,0.0
92,0.60505855,19,3,18,-21,3,0.077991,0.922008,0.0,0.077992,0.922008,0.997689,0.0,0.0,0.002311,0.075732,0.997664,2.5e-05,0.0
93,0.39347884,20,3,19,-22,3,0.077991,0.922008,0.0,0.075706,0.924294,0.999975,0.0,2.6e-05,2.5e-05,0.077992,0.997689,0.0,0.0
94,0.3682479,21,3,20,-23,3,0.004921,0.995079,0.0,0.00246,0.99754,1.0,0.0,0.002461,0.0,0.007382,0.997539,0.0,0.0
95,0.52677935,22,3,21,-24,3,0.015034,0.9848,0.000165,0.000165,0.999835,1.0,0.0,0.492565,0.0,0.5076,0.98513,0.0,0.0
96,0.4215725,23,3,22,-25,3,0.002461,0.995079,0.002461,0.0,1.0,1.0,0.0,0.995079,0.0,0.99754,0.997539,0.0,0.0
97,0.031191146,0,4,-2,-2,4,6e-06,0.999442,0.000552,0.0,1.0,1.0,0.0,0.999435,0.0,0.999447,0.999988,0.0,0.0
98,0.17762594,1,4,-1,-3,4,6e-06,0.98199,0.018004,0.0,1.0,1.0,1.2e-05,0.999982,0.0,0.999982,0.999994,0.0,0.0
99,0.337716,2,4,0,-4,4,0.0,0.498757,0.501243,0.0,1.0,1.0,0.002473,0.999986,0.0,0.997527,1.0,0.0,0.0
100,0.18663275,3,4,1,-5,4,0.0,0.017967,0.982033,0.0,1.0,1.0,0.001085,0.999994,0.0,0.998915,1.0,0.0,0.0
101,0.05448731,4,4,2,-6,4,0.0,0.000552,0.999448,6e-06,0.999994,1.0,0.001104,0.999988,0.0,0.998896,1.0,0.0,0.0
102,0.25267842,5,4,3,-7,4,0.0,2.7e-05,0.999973,0.00246,0.99754,1.0,0.004921,0.997512,0.0,0.995079,1.0,0.0,0.0
103,0.6014466,6,4,4,-8,4,0.0,0.0,0.999999,0.485264,0.514736,0.999999,0.029308,0.514572,0.0,0.970692,0.999999,0.0,0.0
104,0.29867288,7,4,5,-9,4,0.000327,0.0,0.999673,0.970063,0.029937,0.999673,0.000652,0.029934,0.000327,0.999022,0.999672,1e-06,0.000327
105,0.39802754,8,4,6,-10,4,0.02962,0.0,0.97038,0.99967,0.00033,0.97038,4e-06,0.000328,0.02962,0.970376,0.970379,0.000327,0.029618
106,0.7959324,9,4,7,-11,4,0.507526,-2e-06,0.492483,0.999998,2e-06,0.492482,0.0,0.0,0.507518,0.492482,0.492482,0.015037,0.507352
107,0.2950155,10,4,8,-12,4,0.997716,0.0,0.002286,1.0,0.0,0.002286,0.0,0.0,0.997714,0.002285,0.002285,0.075708,0.997689
108,0.12515455,11,4,9,-13,4,0.999994,0.0,6e-06,1.0,0.0,6e-06,0.0,0.0,0.999994,6e-06,6e-06,0.017992,0.999982
109,0.13320304,12,4,10,-14,4,1.0,0.0,0.0,1.0,0.0,0.0,0.0,0.0,1.0,0.0,0.0,0.017982,0.999451
110,0.34922498,13,4,11,-15,4,1.000001,0.0,0.0,1.0,0.0,0.0,0.0,0.0,1.0,0.0,0.0,0.070532,0.929468
111,0.35819358,14,4,12,-16,4,0.999976,2.5e-05,0.0,1.0,0.0,0.0,0.0,0.0,1.0,2.5e-05,0.0,0.002336,0.077966
112,0.03418277,15,4,13,-17,4,0.999448,0.000552,0.0,1.0,0.0,0.0,0.0,0.0,1.0,0.000553,0.0,0.000559,0.000559
113,0.036213316,16,4,14,-18,4,0.999441,0.000559,0.0,0.999994,6e-06,1.2e-05,0.0,0.0,0.999988,0.000559,1.3e-05,0.000553,6e-06
114,0.32355148,17,4,15,-19,4,0.995079,0.004921,0.0,0.99754,0.00246,0.004921,0.0,0.0,0.995079,0.004921,0.004921,0.002461,0.0
115,0.6833792,18,4,16,-20,4,0.5,0.500001,0.0,0.514656,0.485344,0.500001,0.0,0.0,0.499999,0.029313,0.5,0.014656,0.0
116,0.35109857,19,4,17,-21,4,0.004921,0.995079,0.0,0.007381,0.992619,0.995079,0.0,0.0,0.004921,0.004948,0.995052,0.00246,0.0
117,0.03975754,20,4,18,-22,4,0.000565,0.999435,0.0,0.000565,0.999435,0.999988,0.0,6e-06,1.2e-05,0.000577,0.999976,6e-06,0.0
118,0.03531527,21,4,19,-23,4,0.000559,0.999442,0.0,0.000552,0.999448,1.0,0.0,0.000552,0.0,0.001117,0.999988,0.0,0.0
119,0.31661752,22,4,20,-24,4,5.1e-05,0.999949,0.0,2.6e-05,0.999974,1.0,0.0,0.075852,0.0,0.075929,0.999949,0.0,0.0
120,0.36560604,23,4,21,-25,4,2.6e-05,0.999949,2.5e-05,0.0,1.0,1.0,0.0,0.924096,0.0,0.924148,0.999949,0.0,0.0
121,0.007464997,0,5,-2,-3,5,0.0,0.999657,0.000343,0.0,1.0,1.0,7e-06,0.999661,0.0,0.999658,0.999996,0.0,0.0
122,0.21276246,1,5,-1,-4,5,0.0,0.980948,0.019052,0.0,1.0,1.0,0.001085,0.999994,0.0,0.998909,1.0,0.0,0.0
123,0.47015998,2,5,0,-5,5,0.0,0.462071,0.537929,0.0,1.0,1.0,0.075858,1.0,0.0,0.924142,1.0,0.0,0.0
124,0.41759652,3,5,1,-6,5,0.0,0.065865,0.934135,0.0,1.0,1.0,0.131731,1.0,0.0,0.868269,1.0,0.0,0.0
125,0.4446483,4,5,2,-7,5,0.0,0.002125,0.997876,2.4e-05,0.999976,1.0,0.140716,0.999976,0.0,0.859284,1.0,0.0,0.0
126,0.5228068,5,5,3,-8,5,0.0,0.000111,0.999889,0.009964,0.990036,1.0,0.659987,0.989926,0.0,0.340013,0.999889,0.0,0.0
127,0.6826889,6,5,4,-9,5,2.3e-05,1.1e-05,0.999966,0.249319,0.750681,0.999978,0.501362,0.7479,2.2e-05,0.498615,0.997208,1.1e-05,2.3e-05
128,0.85024446,7,5,5,-10,5,0.02083,0.0,0.97917,0.95834,0.04166,0.97917,0.031244,0.031244,0.02083,0.947926,0.968756,0.010415,0.02083
129,0.82154834,8,5,6,-11,5,0.664183,0.0,0.335818,0.996266,0.003734,0.335818,0.003719,4.5e-05,0.664182,0.332099,0.332129,0.332099,0.664167
130,0.42290607,9,5,7,-12,5,0.984963,0.0,0.015037,0.999835,0.000165,0.015037,0.000165,0.0,0.984963,0.014872,0.014871,0.492482,0.984962
131,0.21944934,10,5,8,-13,5,0.999973,0.0,2.8e-05,0.999986,1.4e-05,2.7e-05,1.4e-05,0.0,0.999973,1.4e-05,1.4e-05,0.499986,0.999972
132,0.22883534,11,5,9,-14,5,1.0,0.0,0.0,1.0,0.0,0.0,0.0,0.0,1.0,0.0,0.0,0.499993,0.999986
133,0.27638927,12,5,10,-15,5,1.0,0.0,0.0,1.0,0.0,0.0,0.0,0.0,1.0,0.0,0.0,0.499381,0.998762
134,0.46351522,13,5,11,-16,5,0.999888,0.000112,0.0,1.0,0.0,0.0,0.0,0.0,1.0,0.000113,0.0,0.333409,0.666591
135,0.3643255,14,5,12,-17,5,0.997539,0.002461,0.0,1.0,0.0,0.0,0.0,0.0,1.0,0.002461,0.0,0.004921,0.004921
136,0.34380698,15,5,13,-18,5,0.924122,0.075878,0.0,0.999974,2.6e-05,2.6e-05,0.0,0.0,0.999974,0.075853,2.5e-05,0.075878,5.1e-05
137,0.5568678,16,5,14,-19,5,0.922032,0.077968,0.0,0.997714,0.002286,0.002311,0.0,0.0,0.997689,0.075708,0.002311,0.075683,0.0
138,0.7594746,17,5,15,-20,5,0.333409,0.666592,0.0,0.666704,0.333296,0.333408,0.0,0.0,0.666592,0.333409,0.333407,0.333297,0.0
139,0.5773869,18,5,16,-21,5,0.002311,0.997689,0.0,0.077992,0.922008,0.922033,0.0,0.0,0.077967,0.075732,0.922008,0.075681,0.0
140,0.04816289,19,5,17,-22,5,1.2e-05,0.999988,0.0,0.000564,0.999436,0.999441,0.0,6e-06,0.000559,0.001117,0.998889,0.000553,0.0
141,0.008403203,20,5,18,-23,5,4e-06,0.999996,0.0,8e-06,0.999992,0.999996,0.0,0.000335,4e-06,0.000678,0.999661,4e-06,0.0
142,0.11489084,21,5,19,-24,5,6e-06,0.999994,0.0,6e-06,0.999994,1.0,0.0,0.017976,0.0,0.018525,0.999457,0.0,0.0
143,0.43478155,22,5,20,-25,5,0.0,1.0,0.0,0.0,1.0,1.0,0.0,0.499381,0.0,0.500619,0.998762,0.0,0.0
144,0.21611871,23,5,21,-26,5,0.0,0.999994,6e-06,0.0,1.0,1.0,0.0,0.981481,0.0,0.982023,0.999457,0.0,0.0
145,0.002970143,0,6,-3,-3,6,0.0,0.999981,1.9e-05,0.0,1.0,1.0,1.2e-05,0.998895,0.0,0.999435,0.999447,0.0,0.0
146,0.0787691,1,6,-2,-4,6,0.0,0.998344,0.001656,0.0,1.0,1.0,0.001104,0.999988,0.0,0.998889,0.999994,0.0,0.0
147,0.53140455,2,6,-1,-5,6,0.0,0.802404,0.197596,0.0,1.0,1.0,0.131731,1.0,0.0,0.868269,1.0,0.0,0.0
148,0.529177,3,6,0,-6,6,0.0,0.037929,0.962071,0.0,1.0,1.0,0.924142,1.0,0.0,0.075858,1.0,0.0,0.0
149,0.31721932,4,6,1,-7,6,0.0,0.001189,0.998811,0.0,1.0,1.0,0.959433,1.0,0.0,0.040567,1.0,0.0,0.0
150,0.2186886,5,6,2,-8,6,0.0,1.3e-05,0.999987,1.3e-05,0.999987,1.0,0.960551,0.999974,0.0,0.039449,0.999987,0.0,0.0
151,0.2717008,6,6,3,-9,6,0.0,0.0,0.999999,0.000164,0.999836,0.999999,0.985182,0.985183,0.0,0.014817,0.985346,0.0,0.0
152,0.70726466,7,6,4,-10,6,0.003677,0.0,0.996323,0.00734,0.99266,0.996323,0.988998,0.662994,0.003677,0.007324,0.666657,0.003662,0.003677
153,0.9050784,8,6,5,-11,6,0.494555,0.0,0.505445,0.499989,0.500011,0.505445,0.499989,0.01089,0.494555,0.005456,0.016323,0.489122,0.494555
154,0.54620224,9,6,6,-12,6,0.971213,0.0,0.028787,0.971529,0.028471,0.028787,0.028471,3e-06,0.971213,0.000316,0.000319,0.942744,0.971213
155,0.15206206,10,6,7,-13,6,0.997689,0.0,0.002311,0.997714,0.002286,0.002311,0.002285,0.0,0.997689,2.5e-05,2.5e-05,0.922006,0.997689
156,0.12538204,11,6,8,-14,6,0.999994,0.0,6e-06,0.999994,6e-06,6e-06,6e-06,0.0,0.999994,0.0,0.0,0.982008,0.999994
157,0.12548548,12,6,9,-15,6,1.0,0.0,0.0,1.0,0.0,0.0,0.0,0.0,1.0,1.2e-05,0.0,0.982008,0.999982
158,0.26263925,13,6,10,-16,6,0.999975,2.6e-05,0.0,1.0,0.0,0.0,0.0,0.0,1.0,7.6e-05,0.0,0.922035,0.997639
159,0.57095385,14,6,11,-17,6,0.985349,0.014651,0.0,1.0,0.0,0.0,0.0,0.0,1.0,0.014977,0.0,0.500163,0.499837
160,0.64472336,15,6,12,-18,6,0.507681,0.492319,0.0,1.0,0.0,0.0,0.0,0.0,0.999999,0.492649,0.0,0.507515,0.015032
161,0.5221661,16,6,13,-19,6,0.075927,0.924073,0.0,0.999974,2.6e-05,2.6e-05,0.0,0.0,0.999974,0.924098,2.5e-05,0.924124,2.6e-05
162,0.38194838,17,6,14,-20,6,0.075732,0.924268,0.0,0.997714,0.002286,0.002286,0.0,0.0,0.997714,0.922034,0.002285,0.922034,0.0
163,0.6583419,18,6,15,-21,6,0.002286,0.997714,0.0,0.924292,0.075708,0.075708,0.0,0.0,0.924292,0.922032,0.075683,0.922006,0.0
164,0.54171944,19,6,16,-22,6,2.6e-05,0.999975,0.0,0.075708,0.924292,0.924292,0.0,0.0,0.075708,0.077969,0.922006,0.075683,0.0
165,0.123993136,20,6,17,-23,6,0.0,1.0,0.0,0.000543,0.999457,0.999457,0.0,6e-06,0.000543,0.018525,0.981481,0.000543,0.0
166,0.16817658,21,6,18,-24,6,0.0,1.0,0.0,6e-06,0.999994,0.999994,0.0,0.000543,6e-06,0.018525,0.982018,6e-06,0.0
167,0.41195774,22,6,19,-25,6,0.0,1.0,0.0,0.0,1.0,1.0,0.0,0.070509,0.0,0.141019,0.92949,0.0,0.0
168,0.42885238,23,6,20,-26,6,0.0,1.0,0.0,0.0,1.0,1.0,0.0,0.858981,0.0,0.92949,0.92949,0.0,0.0
169,0.33186612,0,7,-3,-4,7,0.0,0.995052,0.004948,0.0,1.0,1.0,0.004921,0.997512,0.0,0.995052,0.997539,0.0,0.0
170,0.60462606,1,7,-2,-5,7,0.0,0.857159,0.142841,0.0,1.0,1.0,0.140716,0.999976,0.0,0.859284,0.999976,0.0,0.0
171,0.42133668,2,7,-1,-6,7,0.0,0.039378,0.960623,0.0,1.0,1.0,0.959433,1.0,0.0,0.040567,1.0,0.0,0.0
172,0.031488437,3,7,0,-7,7,0.0,0.000276,0.999724,0.0,1.0,1.0,0.999447,1.0,0.0,0.000553,1.0,0.0,0.0
173,0.014211693,4,7,1,-8,7,0.0,3e-06,0.999997,0.0,1.0,1.0,0.99972,0.999997,0.0,0.00028,0.999997,0.0,0.0
174,0.07204947,5,7,2,-9,7,0.0,0.0,1.0,0.0,1.0,1.0,0.998763,0.998764,0.0,0.001236,0.998764,0.0,0.0
175,0.34982485,6,7,3,-10,7,0.000112,0.0,0.999888,0.000112,0.999888,0.999888,0.999776,0.666629,0.000112,0.000113,0.66663,0.000112,0.000112
176,0.5782535,7,7,4,-11,7,0.02769,0.0,0.97231,0.027692,0.972308,0.97231,0.972307,0.055379,0.02769,2e-06,0.05538,0.027689,0.02769
177,0.83882606,8,7,5,-12,7,0.499916,0.0,0.500084,0.499917,0.500083,0.500084,0.500083,0.000335,0.499916,0.0,0.000336,0.499748,0.499916
178,0.53444886,9,7,6,-13,7,0.924315,0.0,0.075685,0.924315,0.075685,0.075685,0.075685,0.0,0.924315,0.0,0.0,0.922029,0.924315
179,0.0660798,10,7,7,-14,7,0.999448,0.0,0.000552,0.999448,0.000552,0.000553,0.000553,0.0,0.999447,0.0,0.0,0.998895,0.999447
180,0.0046238974,11,7,8,-15,7,0.999996,0.0,4e-06,0.999996,4e-06,4e-06,4e-06,0.0,0.999996,7e-06,0.0,0.999661,0.999989
181,0.041286778,12,7,9,-16,7,0.999994,6e-06,0.0,1.0,0.0,0.0,0.0,0.0,1.0,0.001111,0.0,0.999442,0.998883
182,0.42141587,13,7,10,-17,7,0.997552,0.002448,0.0,1.0,0.0,0.0,0.0,0.0,1.0,0.007345,0.0,0.995103,0.990206
183,0.6378209,14,7,11,-18,7,0.521744,0.478256,0.0,1.0,0.0,0.0,0.0,0.0,1.0,0.507141,0.0,0.985398,0.478417
184,0.2858316,15,7,12,-19,7,0.009818,0.990182,0.0,1.0,0.0,0.0,0.0,0.0,1.0,0.995091,0.0,0.997545,0.002455
185,0.04173906,16,7,13,-20,7,0.001663,0.998337,0.0,0.999994,6e-06,6e-06,0.0,0.0,0.999994,0.999435,6e-06,0.999442,6e-06
186,0.061715886,17,7,14,-21,7,0.000565,0.999435,0.0,0.999442,0.000558,0.000559,0.0,0.0,0.999441,0.998895,0.000553,0.998889,0.0
187,0.54539156,18,7,15,-22,7,2.6e-05,0.999974,0.0,0.922032,0.077968,0.077968,0.0,0.0,0.922032,0.924292,0.075683,0.922006,0.0
188,0.6796504,19,7,16,-23,7,0.0,1.0,0.0,0.07051,0.92949,0.929491,0.0,0.0,0.070509,0.141019,0.858981,0.070509,0.0
189,0.34308913,20,7,17,-24,7,0.0,1.0,0.0,0.001238,0.998762,0.998762,0.0,1.4e-05,0.001238,0.500626,0.499388,0.001238,0.0
190,0.33999172,21,7,18,-25,7,0.0,1.0,0.0,1.4e-05,0.999986,0.999986,0.0,0.001238,1.4e-05,0.500626,0.500612,1.4e-05,0.0
191,0.47563925,22,7,19,-26,7,0.0,1.0,0.0,0.0,1.0,1.0,0.0,0.07051,0.0,0.92949,0.141019,0.0,0.0
192,0.5792215,23,7,20,-27,7,0.0,0.999949,5.1e-05,0.0,1.0,1.0,5.1e-05,0.922034,0.0,0.997664,0.924319,0.0,0.0
193,0.6541774,0,8,-4,-4,8,0.000163,0.970533,0.029304,0.0,1.0,1.0,0.029303,0.514488,0.0,0.970534,0.514652,0.0,0.0
194,0.81953806,1,8,-3,-5,8,0.000111,0.339864,0.660025,0.0,1.0,1.0,0.659804,0.989816,0.0,0.340196,0.989927,0.0,0.0
195,0.29719278,2,8,-2,-6,8,0.0,0.039436,0.960564,0.0,1.0,1.0,0.960538,0.999974,0.0,0.039463,0.999987,0.0,0.0
196,0.019531114,3,8,-1,-7,8,0.0,0.000277,0.999724,0.0,1.0,1.0,0.999718,0.999997,0.0,0.000283,1.0,0.0,0.0
197,0.0,4,8,0,-8,8,0.0,2e-06,0.999998,0.0,1.0,1.0,0.999994,0.999996,0.0,5e-06,0.999998,0.0,0.0
198,0.01320135,5,8,1,-9,8,0.0,0.0,1.0,0.0,1.0,1.0,0.999994,0.99972,0.0,6e-06,0.999724,0.0,0.0
199,0.33529568,6,8,2,-10,8,0.0,0.0,1.0,0.0,1.0,1.0,0.999974,0.960563,0.0,2.6e-05,0.960577,0.0,0.0
200,0.28762826,7,8,3,-11,8,2.4e-05,0.0,0.999976,2.4e-05,0.999976,0.999977,0.999976,0.141016,2.3e-05,0.0,0.141016,2.4e-05,2.4e-05
201,0.24573056,8,8,4,-12,8,0.002461,0.0,0.997539,0.00246,0.99754,0.997539,0.997539,0.004921,0.002461,0.0,0.004921,0.002461,0.002461
202,0.83002687,9,8,5,-13,8,0.075903,0.0,0.924099,0.075902,0.924098,0.924098,0.924099,5.1e-05,0.075902,0.0,5.1e-05,0.075876,0.075876
203,0.67501205,10,8,6,-14,8,0.924147,0.0,0.075855,0.924146,0.075854,0.075854,0.075854,0.0,0.924146,0.0,0.0,0.92412,0.92412
204,0.057017364,11,8,7,-15,8,0.999448,0.0,0.000553,0.999447,0.000553,0.000553,0.000553,0.0,0.999447,1.2e-05,0.0,0.999441,0.999429
205,0.058493245,12,8,8,-16,8,0.999988,6e-06,6e-06,0.999994,6e-06,6e-06,6e-06,0.0,0.999994,0.001111,0.0,0.999988,0.998877
206,0.37569526,13,8,9,-17,8,0.997877,0.002124,0.0,1.0,0.0,0.0,0.0,0.0,1.0,0.142834,0.0,0.999953,0.857119
207,0.57382125,14,8,10,-18,8,0.750067,0.249936,0.0,1.0,0.0,0.0,0.0,0.0,1.0,0.749811,0.0,0.999832,0.250021
208,0.48862058,15,8,11,-19,8,0.142864,0.857135,0.0,1.0,0.0,0.0,0.0,0.0,1.0,0.997852,0.0,0.999976,0.002125
209,0.1375424,16,8,12,-20,8,0.035348,0.964652,0.0,1.0,0.0,0.0,0.0,0.0,1.0,0.999988,0.0,0.999994,6e-06
210,0.011925492,17,8,13,-21,8,0.000674,0.999326,0.0,0.999992,8e-06,7e-06,0.0,0.0,0.999993,0.999992,4e-06,0.999989,0.0
211,0.077311166,18,8,14,-22,8,1.8e-05,0.999981,0.0,0.998895,0.001105,0.001105,0.0,0.0,0.998895,0.999441,0.000553,0.998889,0.0
212,0.6847768,19,8,15,-23,8,0.0,0.999999,0.0,0.858981,0.141019,0.141019,0.0,0.0,0.858981,0.929491,0.070509,0.858981,0.0
213,0.42977795,20,8,16,-24,8,2.4e-05,0.999976,0.0,0.070508,0.929492,0.929492,0.0,0.0,0.070508,0.929492,0.070508,0.070508,0.0
214,0.16990978,21,8,17,-25,8,6e-06,0.999994,0.0,0.000543,0.999457,0.999457,0.0,6e-06,0.000543,0.982024,0.017982,0.000543,0.0
215,0.10654983,22,8,18,-26,8,6e-06,0.999994,0.0,6e-06,0.999994,0.999994,0.0,0.000543,6e-06,0.982024,0.018519,6e-06,0.0
216,0.22504416,23,8,19,-27,8,2.6e-05,0.999924,5.1e-05,0.0,1.0,1.0,5.1e-05,0.07573,0.0,0.997664,0.078015,0.0,0.0
217,0.92350656,0,9,-4,-5,9,0.026935,0.918895,0.05417,0.0,1.0,1.0,0.05387,0.080806,0.0,0.946129,0.081106,0.0,0.0
218,0.5595381,1,9,-3,-6,9,0.00016,0.028884,0.970955,0.0,1.0,1.0,0.956513,0.970955,0.0,0.043488,0.985397,0.0,0.0
219,0.10019074,2,9,-2,-7,9,0.0,0.00125,0.99875,0.0,1.0,1.0,0.997514,0.99875,0.0,0.002487,0.999986,0.0,0.0
220,0.017481357,3,9,-1,-8,9,0.0,3e-06,0.999997,0.0,1.0,1.0,0.99972,0.99972,0.0,0.00028,0.999997,0.0,0.0
221,0.027470369,4,9,0,-9,9,0.0,0.0,1.0,0.0,1.0,1.0,0.999723,0.999447,0.0,0.000276,0.999724,0.0,0.0
222,0.29425222,5,9,1,-10,9,0.0,0.0,1.0,0.0,1.0,1.0,0.998811,0.959433,0.0,0.001189,0.960622,0.0,0.0
223,0.32010683,6,9,2,-11,9,0.0,0.0,1.0,0.0,1.0,1.0,0.999976,0.141016,0.0,2.4e-05,0.141039,0.0,0.0
224,0.04783073,7,9,3,-12,9,6e-06,0.0,0.999994,6e-06,0.999994,0.999994,0.999994,0.001105,6e-06,0.0,0.001105,6e-06,6e-06
225,0.056986216,8,9,4,-13,9,0.000559,0.0,0.999441,0.000559,0.999441,0.999441,0.999441,1.2e-05,0.000559,0.0,1.3e-05,0.000559,0.000553
226,0.69601256,9,9,5,-14,9,0.078086,-3.4e-05,0.922035,0.07797,0.92203,0.92203,0.922029,0.0,0.07797,0.0,0.0,0.07797,0.075685
227,0.78450507,10,9,6,-15,9,0.924434,-3.4e-05,0.075687,0.924319,0.075681,0.075681,0.075681,0.0,0.924319,5.1e-05,0.0,0.924319,0.921983
228,0.34596178,11,9,7,-16,9,0.997669,-3.7e-05,0.002461,0.997546,0.002454,0.002454,0.002454,0.0,0.997546,0.004909,0.0,0.997546,0.990182
229,0.49098828,12,9,8,-17,9,1.00006,-8e-06,2.9e-05,0.999976,2.4e-05,2.4e-05,2.4e-05,0.0,0.999976,0.140736,0.0,0.999976,0.857115
230,0.40780428,13,9,9,-18,9,0.998872,0.00117,3e-06,1.0,0.0,0.0,0.0,0.0,1.0,0.959481,0.0,1.0,0.039331
231,0.26598224,14,9,10,-19,9,0.960624,0.039377,0.0,1.0,0.0,0.0,0.0,0.0,1.0,0.998797,0.0,1.0,0.001189
232,0.3977742,15,9,11,-20,9,0.66667,0.33333,0.0,1.0,0.0,0.0,0.0,0.0,1.0,0.999991,0.0,1.0,9e-06
233,0.23788427,16,9,12,-21,9,0.035343,0.964658,0.0,0.999994,6e-06,1.2e-05,0.0,0.0,0.999988,1.0,6e-06,0.999988,0.0
234,0.049571462,17,9,13,-22,9,0.00111,0.99889,0.0,0.999442,0.000558,0.000564,0.0,0.0,0.999436,0.999994,1.2e-05,0.999435,0.0
235,0.387146,18,9,14,-23,9,7.6e-05,0.999924,0.0,0.922036,0.077964,0.07799,0.0,0.0,0.92201,0.997715,0.002311,0.92201,0.0
236,0.55170894,19,9,15,-24,9,5.1e-05,0.999949,0.0,0.075706,0.924294,0.924319,0.0,0.0,0.075681,0.997715,0.002311,0.075681,0.0
237,0.045116596,20,9,16,-25,9,0.000558,0.999442,0.0,0.000558,0.999442,0.999448,0.0,0.0,0.000552,0.999448,0.000558,0.000552,0.0
238,0.011162679,21,9,17,-26,9,0.000339,0.999661,0.0,8e-06,0.999992,0.999996,0.0,4e-06,4e-06,0.999665,0.000342,4e-06,0.0
239,0.030802207,22,9,18,-27,9,0.000552,0.999448,0.0,0.0,1.0,1.0,0.0,0.000552,0.0,0.999448,0.001104,0.0,0.0
240,0.049531072,23,9,19,-28,9,0.002466,0.997479,5.5e-05,0.0,1.0,1.0,5.5e-05,0.002521,0.0,0.999918,0.002549,0.0,0.0
241,0.5763138,0,10,-5,-5,10,0.499664,0.499833,0.000503,0.0,1.0,1.0,0.000335,0.000503,0.0,0.999664,0.000671,0.0,0.0
242,0.7611021,1,10,-4,-6,10,0.199557,0.201774,0.59867,0.0,1.0,1.0,0.399113,0.40133,0.0,0.600887,0.600887,0.0,0.0
243,0.54300654,2,10,-3,-7,10,0.000112,0.000224,0.999665,0.0,1.0,1.0,0.666443,0.666554,0.0,0.333557,0.999776,0.0,0.0
244,0.44110924,3,10,-2,-8,10,0.0,1.3e-05,0.999987,0.0,1.0,1.0,0.960563,0.960563,0.0,0.039437,0.999987,0.0,0.0
245,0.3826535,4,10,-1,-9,10,0.0,0.0,1.0,0.0,1.0,1.0,0.960622,0.959433,0.0,0.039378,0.998811,0.0,0.0
246,0.4074655,5,10,0,-10,10,0.0,0.0,1.0,1.2e-05,0.999988,1.0,0.962059,0.92413,0.0,0.037941,0.962071,0.0,0.0
247,0.40733916,6,10,1,-11,10,0.0,0.0,1.0,2.4e-05,0.999976,1.0,0.997852,0.140716,0.0,0.002148,0.142864,0.0,0.0
248,0.048173487,7,10,2,-12,10,0.0,0.0,1.0,6e-06,0.999994,1.0,0.999988,0.001105,0.0,1.2e-05,0.001117,0.0,0.0
249,0.00093724177,8,10,3,-13,10,7e-06,0.0,0.999993,1.1e-05,0.999989,0.999993,0.999989,7e-06,7e-06,4e-06,1.1e-05,7e-06,4e-06
250,0.10059528,9,10,4,-14,10,0.001133,-8e-06,0.998896,0.001111,0.998889,0.998895,0.998889,0.0,0.001105,6e-06,6e-06,0.001105,0.000553
251,0.8162903,10,10,5,-15,10,0.144614,-0.00106,0.859119,0.14108,0.85892,0.858944,0.85892,0.0,0.141056,7.1e-05,2.3e-05,0.141056,0.070504
252,0.7959989,11,10,6,-16,10,0.689731,-0.00491,0.327567,0.673245,0.326755,0.326755,0.326755,0.0,0.673245,0.019735,0.0,0.673245,0.326755
253,0.52213794,12,10,7,-17,10,1.005026,-0.003728,0.008109,0.992507,0.007493,0.007493,0.007493,0.0,0.992507,0.496254,0.0,0.992507,0.248127
254,0.27176115,13,10,8,-18,10,1.001888,-0.000557,0.000107,0.999988,1.2e-05,1.3e-05,1.3e-05,0.0,0.999987,0.924131,0.0,0.999987,0.037928
255,0.026688047,14,10,9,-19,10,0.999737,0.000272,0.0,1.0,0.0,0.0,0.0,0.0,1.0,0.999447,0.0,1.0,0.000276
256,0.114927076,15,10,10,-20,10,0.990925,0.009075,0.0,1.0,0.0,0.0,0.0,0.0,1.0,0.999994,0.0,1.0,3e-06
257,0.34693098,16,10,11,-21,10,0.66667,0.33333,0.0,1.0,0.0,9e-06,0.0,0.0,0.999991,1.0,9e-06,0.999991,0.0
258,0.40010113,17,10,12,-22,10,0.142841,0.857159,0.0,0.999976,2.4e-05,0.002148,0.0,0.0,0.997852,1.0,0.002125,0.997852,0.0
259,0.4347241,18,10,13,-23,10,0.007363,0.992637,0.0,0.997518,0.002482,0.004936,0.0,0.0,0.995064,0.999973,0.002482,0.995064,0.0
260,0.7046381,19,10,14,-24,10,0.01536,0.984641,0.0,0.507432,0.492568,0.507432,0.0,0.0,0.492568,0.999835,0.015029,0.492568,0.0
261,0.29063195,20,10,15,-25,10,0.004921,0.995079,0.0,0.004921,0.995079,0.99754,0.0,0.0,0.00246,0.999973,0.002488,0.002461,0.0
262,0.11198623,21,10,16,-26,10,0.018519,0.981481,0.0,0.000549,0.999451,0.999994,0.0,0.0,6e-06,0.999994,0.000549,6e-06,0.0
263,0.17484461,22,10,17,-27,10,0.017992,0.982008,0.0,6e-06,0.999994,1.0,0.0,6e-06,0.0,0.999994,1.8e-05,0.0,0.0
264,0.29347017,23,10,18,-28,10,0.075855,0.924145,0.0,0.0,1.0,1.0,0.0,2.6e-05,0.0,0.999975,5.1e-05,0.0,0.0
265,0.5962277,0,11,-5,-6,11,0.942446,0.028461,0.029093,0.0,1.0,1.0,0.000632,0.000635,0.0,0.999368,0.029094,0.0,0.0
266,0.5318373,1,11,-4,-7,11,0.02768,0.000309,0.972011,0.0,1.0,1.0,0.055361,0.055363,0.0,0.944639,0.972012,0.0,0.0
267,0.37509662,2,11,-3,-8,11,2.4e-05,0.0,0.999976,0.0,1.0,1.0,0.141016,0.141016,0.0,0.858985,0.999976,0.0,0.0
268,0.42130202,3,11,-2,-9,11,0.0,0.0,1.0,0.0,1.0,1.0,0.141039,0.141016,0.0,0.858961,0.999976,0.0,0.0
269,0.5372256,4,11,-1,-10,11,0.0,0.0,1.0,2.4e-05,0.999976,1.0,0.142841,0.140716,0.0,0.857159,0.997875,0.0,0.0
270,0.6458735,5,11,0,-11,11,0.0,0.0,1.0,0.007493,0.992507,1.0,0.74438,0.496254,0.0,0.25562,0.751873,0.0,0.0
271,0.29858786,6,11,1,-12,11,0.0,0.0,1.0,0.002454,0.997546,1.0,0.995091,0.004909,0.0,0.004909,0.009818,0.0,0.0
272,0.040909253,7,11,2,-13,11,6e-06,0.0,0.999994,0.000559,0.999441,0.999994,0.999435,1.2e-05,6e-06,0.000559,0.000571,6e-06,0.0
273,0.08078928,8,11,3,-14,11,0.000587,-8e-06,0.999443,0.001111,0.998889,0.999441,0.998889,0.0,0.000559,0.000553,0.000553,0.000559,6e-06
274,0.640749,9,11,4,-15,11,0.081649,-0.001135,0.922348,0.08012,0.91988,0.922161,0.919881,0.0,0.077839,0.002331,0.00228,0.077839,0.00228
275,0.68310004,10,11,5,-16,11,0.970944,-0.013793,0.077642,0.924662,0.075338,0.075364,0.075339,0.0,0.924636,0.004575,2.5e-05,0.924636,0.002275
276,0.28682023,11,11,6,-17,11,1.041036,-0.012854,0.004244,0.99788,0.00212,0.00212,0.00212,0.0,0.99788,0.140421,0.0,0.99788,0.00212
277,0.23263557,12,11,7,-18,11,1.016795,-0.005005,0.000836,0.999991,9e-06,9e-06,9e-06,0.0,0.999991,0.66611,0.0,0.999991,0.000826
278,0.08066971,13,11,8,-19,11,1.000454,-0.000133,2.2e-05,1.0,0.0,0.0,0.0,0.0,1.0,0.990654,0.0,1.0,0.000274
279,0.004560374,14,11,9,-20,11,0.999841,0.000165,0.0,1.0,0.0,0.0,0.0,0.0,1.0,0.99983,0.0,1.0,2e-06
280,0.06255985,15,11,10,-21,11,0.990925,0.009075,0.0,1.0,0.0,3e-06,0.0,0.0,0.999997,0.999997,3e-06,0.999997,0.0
281,0.33365256,16,11,11,-22,11,0.960623,0.039378,0.0,1.0,0.0,0.001189,0.0,0.0,0.998811,1.0,0.001189,0.998811,0.0
282,0.5944854,17,11,12,-23,11,0.749937,0.250063,0.0,0.999916,8.4e-05,0.250063,0.0,0.0,0.749937,0.999999,0.249979,0.749936,0.0
283,0.7190942,18,11,13,-24,11,0.507301,0.492699,0.0,0.985397,0.014603,0.492859,0.0,0.0,0.507141,0.999999,0.478257,0.50714,0.0
284,0.69489944,19,11,14,-25,11,0.500162,0.499838,0.0,0.500162,0.499838,0.985023,0.0,0.0,0.014977,0.999999,0.485186,0.014977,0.0
285,0.5348202,20,11,15,-26,11,0.141016,0.858984,0.0,0.070532,0.929468,0.999976,0.0,0.0,2.4e-05,1.0,0.070508,2.4e-05,0.0
286,0.3723608,21,11,16,-27,11,0.500619,0.499381,0.0,0.001238,0.998762,1.0,0.0,0.0,0.0,1.0,0.001238,0.0,0.0
287,0.37974486,22,11,17,-28,11,0.500007,0.499993,0.0,1.4e-05,0.999986,1.0,0.0,0.0,0.0,1.0,1.4e-05,0.0,0.0
288,0.44014505,23,11,18,-29,11,0.924118,0.075856,2.6e-05,0.0,1.0,1.0,0.0,0.0,0.0,1.0,2.6e-05,0.0,0.0
289,0.22984372,0,12,-6,-6,12,0.995067,0.002467,0.002467,0.0,1.0,1.0,0.0,0.0,0.0,1.0,0.002467,0.0,0.0
290,0.5239683,1,12,-5,-7,12,0.499665,0.000168,0.500167,0.0,1.0,1.0,0.000335,0.000503,0.0,0.999665,0.500168,0.0,0.0
291,0.15120174,2,12,-4,-8,12,0.00246,0.0,0.99754,0.0,1.0,1.0,0.004921,0.004948,0.0,0.995079,0.997539,0.0,0.0
292,0.062442183,3,12,-3,-9,12,6e-06,0.0,0.999994,0.0,1.0,1.0,0.001105,0.001111,0.0,0.998895,0.999994,0.0,0.0
293,0.06301775,4,12,-2,-10,12,0.0,0.0,1.0,6e-06,0.999994,1.0,0.001111,0.001111,0.0,0.998889,0.999994,0.0,0.0
294,0.27646703,5,12,-1,-11,12,0.0,0.0,1.0,0.002454,0.997546,1.0,0.007363,0.004936,0.0,0.992637,0.997546,0.0,0.0
295,0.63932604,6,12,0,-12,12,0.0,0.0,0.999999,0.32672,0.67328,0.999999,0.346451,0.019842,0.0,0.653548,0.67328,0.0,0.0
296,0.59528685,7,12,1,-13,12,2.7e-05,0.0,0.999974,0.075704,0.924296,0.999975,0.92201,5.1e-05,2.5e-05,0.077964,0.078015,2.5e-05,0.0
297,0.49185196,8,12,2,-14,12,0.002401,-3.4e-05,0.99772,0.077968,0.922032,0.997715,0.922006,0.0,0.002285,0.075708,0.075708,0.002286,0.0
298,0.8014567,9,12,3,-15,12,0.074111,-0.00106,0.929621,0.14106,0.85894,0.929446,0.85894,0.0,0.070554,0.070506,0.070506,0.07053,4.7e-05
299,0.6131061,10,12,4,-16,12,0.968554,-0.013855,0.080251,0.924323,0.075677,0.077962,0.075677,0.0,0.922038,0.002336,0.002285,0.922012,5.1e-05
300,0.06792768,11,12,5,-17,12,1.049812,-0.015003,0.003037,0.999448,0.000552,0.000558,0.000552,0.0,0.999442,0.001111,6e-06,0.999435,1.2e-05
301,0.15371783,12,12,6,-18,12,1.048665,-0.014496,0.002401,0.999994,6e-06,6e-06,6e-06,0.0,0.999994,0.035336,0.0,0.999988,1.2e-05
302,0.20489949,13,12,7,-19,12,1.016818,-0.005009,0.000828,1.0,0.0,0.0,0.0,0.0,1.0,0.666648,0.0,0.999981,1.8e-05
303,0.074576095,14,12,8,-20,12,1.000455,-0.000134,2.2e-05,1.0,0.0,0.0,0.0,0.0,1.0,0.990917,0.0,0.999994,6e-06
304,0.007094004,15,12,9,-21,12,0.999737,0.000272,0.0,1.0,0.0,3e-06,0.0,0.0,0.999997,0.999721,3e-06,0.999994,0.0
305,0.15469468,16,12,10,-22,12,0.998764,0.001236,0.0,1.0,0.0,0.001236,0.0,0.0,0.998764,0.999973,0.001236,0.99875,0.0
306,0.4864301,17,12,11,-23,12,0.990035,0.009965,0.0,0.999999,1e-06,0.329975,0.0,0.0,0.670025,0.999889,0.329975,0.669914,0.0
307,0.4586011,18,12,12,-24,12,0.997512,0.002487,0.0,0.999946,5.4e-05,0.992592,0.0,0.0,0.007408,0.999973,0.992537,0.007381,0.0
308,0.29398412,19,12,13,-25,12,0.995079,0.004921,0.0,0.99508,0.00492,0.997485,0.0,0.0,0.002515,1.0,0.992564,0.002515,0.0
309,0.5587277,20,12,14,-26,12,0.929469,0.070531,0.0,0.858984,0.141016,0.999976,0.0,0.0,2.4e-05,1.0,0.858961,2.4e-05,0.0
310,0.4586546,21,12,15,-27,12,0.92949,0.070509,0.0,0.07051,0.92949,1.0,0.0,0.0,0.0,1.0,0.070509,0.0,0.0
311,0.18203531,22,12,16,-28,12,0.982023,0.017977,0.0,0.000543,0.999457,1.0,0.0,0.0,0.0,1.0,0.000543,0.0,0.0
312,0.11390563,23,12,17,-29,12,0.982008,0.017986,6e-06,6e-06,0.999994,1.0,0.0,0.0,0.0,1.0,1.2e-05,0.0,0.0
313,0.5069094,0,13,-6,-7,13,0.924094,2.6e-05,0.07588,0.0,1.0,1.0,0.0,2.6e-05,0.0,1.0,0.07588,0.0,0.0
314,0.40147176,1,13,-5,-8,13,0.075681,0.0,0.924319,0.0,1.0,1.0,5.1e-05,0.002336,0.0,0.999949,0.924319,0.0,0.0
315,0.022987979,2,13,-4,-9,13,0.000553,0.0,0.999447,0.0,1.0,1.0,1.2e-05,0.000565,0.0,0.999987,0.999447,0.0,0.0
316,0.00053004426,3,13,-3,-10,13,4e-06,0.0,0.999996,4e-06,0.999996,1.0,7e-06,0.000343,0.0,0.999992,0.999996,0.0,0.0
317,0.019198684,4,13,-2,-11,13,0.0,0.0,1.0,0.000552,0.999448,1.0,1.8e-05,0.000565,0.0,0.999982,0.999994,0.0,0.0
318,0.33130765,5,13,-1,-12,13,0.0,0.0,1.0,0.075508,0.924492,1.0,0.002331,0.002331,0.0,0.997669,0.99772,0.0,0.0
319,0.6583265,6,13,0,-13,13,2.5e-05,0.0,0.999976,0.858924,0.141076,0.999977,0.07055,7.1e-05,2.3e-05,0.929426,0.929473,2.4e-05,0.0
320,0.6951568,7,13,1,-14,13,0.002395,-3.4e-05,0.997725,0.922207,0.077793,0.997719,0.075512,0.0,0.002281,0.922207,0.922207,0.00228,0.0
321,1.0,8,13,2,-15,13,0.074087,-0.00106,0.929645,0.92947,0.07053,0.92947,0.070506,0.0,0.07053,0.858964,0.858964,0.070506,2.4e-05
322,0.8196387,9,13,3,-16,13,0.902529,-0.012881,0.142847,0.92964,0.07036,0.140719,0.07036,0.0,0.859281,0.07036,0.07036,0.857156,0.002125
323,0.09680447,10,13,4,-17,13,1.049267,-0.015003,0.003583,0.999448,0.000552,0.001104,0.000552,0.0,0.998896,0.000564,0.000552,0.998343,0.000552
324,0.01147957,11,13,5,-18,13,1.050397,-0.015013,0.002487,0.999996,4e-06,7e-06,4e-06,0.0,0.999993,0.000674,4e-06,0.999658,0.000335
325,0.20823415,12,13,6,-19,13,1.048646,-0.014489,0.002394,1.0,0.0,0.0,0.0,0.0,1.0,0.035318,0.0,0.999461,0.000533
326,0.20094556,13,13,7,-20,13,1.01679,-0.005001,0.000826,1.0,0.0,0.0,0.0,0.0,1.0,0.665567,0.0,0.99835,0.000825
327,0.06454605,14,13,8,-21,13,1.001974,-0.000579,9.8e-05,1.0,0.0,1.3e-05,0.0,0.0,0.999987,0.959422,1.3e-05,0.998785,1.3e-05
328,0.117365934,15,13,9,-22,13,1.000048,-5e-06,3e-06,1.0,0.0,0.001235,0.0,0.0,0.998765,0.99753,0.001235,0.99753,0.0
329,0.44418445,16,13,10,-23,13,0.999895,0.000109,0.0,1.0,0.0,0.329939,0.0,0.0,0.670061,0.989926,0.329938,0.660098,0.0
330,0.44403172,17,13,11,-24,13,0.999973,2.8e-05,0.0,0.999972,2.8e-05,0.992591,0.0,0.0,0.007409,0.997539,0.992564,0.004948,0.0
331,0.011357473,18,13,12,-25,13,0.999988,1.2e-05,0.0,0.999441,0.000559,0.999976,0.0,0.0,2.4e-05,0.999994,0.999417,1.8e-05,0.0
332,0.18002945,19,13,13,-26,13,0.999451,0.000549,0.0,0.981481,0.018519,0.999994,0.0,0.0,6e-06,1.0,0.981475,6e-06,0.0
333,0.4876614,20,13,14,-27,13,0.998762,0.001238,0.0,0.499381,0.500619,1.0,0.0,0.0,0.0,1.0,0.499381,0.0,0.0
334,0.16698976,21,13,15,-28,13,0.999457,0.000543,0.0,0.017976,0.982024,1.0,0.0,0.0,0.0,1.0,0.017977,0.0,0.0
335,0.013413246,22,13,16,-29,13,0.999661,0.000335,4e-06,0.000335,0.999665,1.0,0.0,0.0,0.0,1.0,0.000339,0.0,0.0
336,0.008487828,23,13,17,-30,13,0.998895,0.000552,0.000552,6e-06,0.999994,1.0,0.0,0.0,0.0,1.0,0.000559,0.0,0.0
